title,price,rating,reviews,availability
PlayStation®4 Console – Call of Duty® Modern Warfare II Bundle,,4.4 out of 5 stars,109 ratings,In Stock
"Wireless Controller Dual Vibration Game Joystick Controller for Ps4 Controller/Slim/Pro,Compatible with PS4 Console",,4.3 out of 5 stars,"2,431 ratings",In Stock
$250 PlayStation Store Gift Card [Digital Code],,4.5 out of 5 stars,"251,895 ratings",Available now
"PS4 Controller Charger Dock Station, OIVO 1.8Hrs PS4 Controller Charging Dock, Charging Station Replacement for PlayStation 4 Dualshock 4 Charger",,4.7 out of 5 stars,"39,202 ratings",In Stock
"FASIGO PS4 Controller 2 Pack, Wireless PS4 Controller for PS4 / Pro/Slim & PC, with 2 USB C Cable - Black",,4.3 out of 5 stars,281 ratings,In Stock
"Wireless Controller for PS4, Custom Design V2 Gamepad Joystick for PS4 with Non-Slip Grip of Both Sides and 3.5mm Audio Jack! Thumb Caps Included! (Galaxy)",,4.7 out of 5 stars,"2,953 ratings",In Stock
"Wuthur PS4 Controller Wireless 2 Pack, Compatible with PlayStation 4 - Black & White",,4.3 out of 5 stars,116 ratings,In Stock
Grand Theft Auto V: Premium Edition (PS4),,4.7 out of 5 stars,"12,312 ratings",In Stock
"Hittoliy 2 Pack Wireless Controller for PS4/Pro/Slim,Wireless Remote Controller with 1000mAh Battery,Double Shock,6-axis Motion Sensor and Audio,Compatible with Playstation 4/ Playstation 3",,4.3 out of 5 stars,17 ratings,In Stock
EA SPORTS FC 25 - PlayStation 4,,4.7 out of 5 stars,,"This item will be released on September 27, 2024."
"OIVO PS4 Stand with PS4 Cooling Fan Cooler for PlayStation 4/PS4 Slim/PS4 Pro, PS4 Pro Vertical Stand with PS4 Controller Charger Dock Station and 12 Game Slots",,4.5 out of 5 stars,"45,895 ratings",In Stock
Playstation 4 Slim 2TB SSD Console with Dualshock 4 Wireless Controller Bundle Enhanced with Fast Solid State Drive (Renewed),,4.7 out of 5 stars,,Not Available
PowerA USB Charging Cable for PlayStation 4,,4.6 out of 5 stars,"34,032 ratings",In Stock
"HumanCentric Mount Compatible with PS4 Fat Version, Mount Original Classic/Fat PS4 on The Wall or on The Back of The TV",,4.6 out of 5 stars,"3,837 ratings",In Stock
"XISOGUU 2 Pack Wireless Controller for PS4, Wireless Remote Control Compatible with Playstation 4/Slim/Pro,with Double Shock/Audio/Six-axis Motion Sensor (black graffiti&Cosmic Nebula)",,4.3 out of 5 stars,69 ratings,In Stock
Sony Playstation PS4 1TB Black Console,,4.4 out of 5 stars,"1,537 ratings",Only 1 left in stock - order soon.
Original New HDMI Port Connector Socket Replacement for Sony PlayStation4 PS4 Cuh-1001a Cuh-1115a,,4.6 out of 5 stars,2 ratings,Only 9 left in stock - order soon.
"Turtle Beach Stealth 700 Wireless Multiplatform Amplified Gaming Headset for PS5, PS4, PC, & Mobile – 60mm Speakers, A.I. Noise-Cancelling Mic, Bluetooth, 80-Hr Battery, Dual Transmitters – Black",,4.3 out of 5 stars,,"This item will be released on September 22, 2024."
"Wireless Controller for PS4, High Performance Double Shock Game Controller Compatible with Playstation 4 (Black)",,4.3 out of 5 stars,6 ratings,In Stock
